class,precision,recall,f1,support
BENIGN,0.9994463343470994,0.9256112016064985,0.9611128033302874,419297
Botnet,0.04328093867611246,1.0,0.0829708222811671,391
Brute Force,0.39911111111111114,0.9814207650273225,0.5674565560821485,1830
DDoS,0.8877087021416918,0.9988673202359099,0.9400132323752114,25603
DoS,0.8357062244986544,0.9937032258064517,0.9078820173060147,38750
Heartbleed,0.2222222222222222,1.0,0.36363636363636365,2
Infiltration,0.0205761316872428,0.7142857142857143,0.04,7
PortScan,0.7287364650002013,0.996696762827571,0.8419094566000883,18164
Web Attack,0.15883244882486733,0.9766899766899767,0.27323117052494295,429
