true_class,predicted_class,flows,share_of_true_class
BENIGN,Botnet,11743,0.028006401190564207
BENIGN,DoS,8277,0.01974018416540066
BENIGN,PortScan,6797,0.016210466566658
BENIGN,DDoS,3782,0.009019859431381574
BENIGN,Web Attack,3479,0.00829722130136872
BENIGN,Brute Force,1393,0.0033222274426003523
DoS,Web Attack,283,0.007303225806451613
BENIGN,Infiltration,203,0.000484143697665378
DoS,BENIGN,76,0.001961290322580645
Brute Force,Web Attack,44,0.024043715846994537
DDoS,BENIGN,22,0.0008592743037925243
PortScan,DoS,21,0.0011561330103501432
DoS,Brute Force,19,0.0004903225806451613
DoS,PortScan,13,0.0003354838709677419
PortScan,DDoS,10,0.0005505395287381634
Brute Force,BENIGN,8,0.004371584699453552
PortScan,BENIGN,7,0.0003853776701167144
PortScan,Web Attack,5,0.0002752697643690817
Brute Force,PortScan,4,0.002185792349726776
PortScan,Brute Force,4,0.00022021581149526536
DoS,DDoS,4,0.0001032258064516129
Brute Force,DoS,3,0.001639344262295082
Web Attack,DoS,3,0.006993006993006993
PortScan,Botnet,2,0.00011010790574763268
DDoS,DoS,2,7.811584579932039e-05
BENIGN,Heartbleed,1,2.3849443234747685e-06
Infiltration,DDoS,1,0.14285714285714285
Web Attack,PortScan,1,0.002331002331002331
