epoch,train_loss,val_loss,val_macro_f1
1,0.45849029994256396,0.1693786527925412,0.42794445555983524
2,0.20533192686179086,0.12941203203309692,0.5019871729954744
3,0.16623562289857827,0.09685214794308966,0.4830057474267486
4,0.145397536413098,0.0911639410574436,0.4870635176054195
5,0.12722346583435856,0.0804873450667416,0.5161147481713307
6,0.12216607468654327,0.07972977285116818,0.5130904744197187
7,0.12350331691094824,0.07822199003763704,0.49400880141220477
8,0.1118384181044287,0.06924918249583888,0.5280353887835082
9,0.10530903581675713,0.07094316416881526,0.5133191943928896
10,0.1028210685936585,0.07385939973559416,0.5063533041852024
11,0.10568167590560487,0.06539770268537129,0.5276934604295023
12,0.08993286151358461,0.09247218150501098,0.5492739804321376
13,0.09200730103566668,0.0666359672580847,0.5704716537834637
14,0.10240420200512204,0.06718937641050872,0.5610425266028385
15,0.09628302447623173,0.06232724636235459,0.6294935587648101
16,0.09231532313594899,0.06740958403742922,0.5424624685468926
17,0.0867014711895869,0.06103168331461207,0.6292805898553091
18,0.08636612428585608,0.06470671048490685,0.5300023701832512
19,0.08795129326647558,0.06153197497990296,0.5882007239297452
