epoch,train_reconstruction_loss,val_reconstruction_loss
1,0.016888752624796586,0.005286790973387161
2,0.00518418353060671,0.0034090296959130807
3,0.004115288077368511,0.0030331624484313193
4,0.0036691809485000916,0.0026027053057400716
5,0.003361498278764502,0.00438009194258594
6,0.003169435306072447,0.0025341311674679018
7,0.0029920997028401136,0.002161524115958747
8,0.002884739506191557,0.0023115117779416742
9,0.0027672389979077733,0.0028035721810120923
10,0.0027156010683514653,0.0021017800622981074
