class,count,mean,std,min,50%,95%,max
BENIGN,419297.0,0.33836326003074646,41.918575286865234,4.404947321745567e-05,0.0008132739458233118,0.02305307686328878,11256.6123046875
Botnet,391.0,0.05333724990487099,0.45661747455596924,0.00046733173076063395,0.0028877954464405775,0.017948186956346035,5.439246654510498
Brute Force,1830.0,0.005303473211824894,0.056046273559331894,0.0003841230645775795,0.002971378155052662,0.0040998879820108415,1.5410211086273193
DDoS,25603.0,0.00676307687535882,0.021369246765971184,0.00037183158565312624,0.0027115733828395605,0.025220849923789496,2.935661792755127
DoS,38750.0,0.013029825873672962,0.043850626796483994,0.0003237172495573759,0.004515595501288772,0.03371986430138345,1.5463690757751465
Heartbleed,2.0,1.5749863386154175,0.028365841135382652,1.5549286603927612,1.5749863386154175,1.5930382490158081,1.5950440168380737
Infiltration,7.0,350.9379577636719,600.6599731445312,0.00046078834566287696,47.88527297973633,1316.4860778808586,1621.2835693359375
PortScan,18164.0,0.005686541553586721,0.05326618626713753,0.00014249492960516363,0.0007711554935667664,0.004123147786594897,0.9250537157058716
Web Attack,429.0,0.007705905009061098,0.0424407422542572,0.00027631630655378103,0.0010566414566710591,0.0026138652581721507,0.283035010099411
