,precision,recall,f1,support
BENIGN,0.9998007777234189,0.9455421813177771,0.9719148018175154,419297
Botnet,0.03758892520669102,1.0,0.07245436857222273,391
Brute Force,0.8491803278688524,0.9907103825136612,0.9145018915510719,1830
DDoS,0.9247245800975258,0.9999218841542007,0.9608542260921783,25603
DoS,0.9456596202779409,0.9974451612903226,0.970862324483183,38750
Heartbleed,0.6666666666666666,1.0,0.8,2
Infiltration,0.02857142857142857,0.8571428571428571,0.055299539170506916,7
PortScan,0.7419976228533957,0.996696762827571,0.8506919155134741,18164
Web Attack,0.18786516853932583,0.9743589743589743,0.31499623210248684,429
