,value
multiclass_accuracy,0.9717566648760191
multiclass_macro_precision,0.6640821061023244
multiclass_macro_recall,0.9445634483960905
multiclass_macro_f1,0.7158188290755454
multiclass_weighted_precision,0.9812615892889933
multiclass_weighted_recall,0.9717566648760191
multiclass_weighted_f1,0.9750399719052399
multiclass_balanced_accuracy,0.9445634483960905
binary_precision,0.8579423984510508
binary_recall_detection_rate,0.9988377007607777
binary_f1,0.9230443745253336
binary_roc_auc,0.9978337293472118
binary_pr_auc,0.9897331732105715
binary_false_positive_rate,0.03359671068478906
binary_mcc,0.9098820814774153
binary_true_negative,405210.0
binary_false_positive,14087.0
binary_false_negative,99.0
binary_true_positive,85077.0
trainable_parameters,29042
model_file_mb,0.12158393859863281
training_seconds,1350.8139293999993
inference_seconds,7.491954599972814
inference_ms_per_1000_rows,14.85105169151335
explainability_seconds,0.10000009997747838
epochs_run,26
best_validation_macro_f1,0.7149893285885033
device,cpu
