loss,lr,validation_macro_f1
0.16129893812796028,0.02,0.5432303378835929
0.05474858943127029,0.02,0.5221517076949702
0.0469907894302265,0.02,0.6439380188742814
0.037904049182272324,0.02,0.6656923970723112
0.04464126098396141,0.02,0.6551987855397507
0.03692545938095112,0.02,0.5794798588870339
0.03588824915173581,0.02,0.6742135952878208
0.02874698379921274,0.02,0.6745495283747377
0.030621473543587446,0.02,0.6233324516171894
0.0321029795524551,0.02,0.5704633814234907
0.03214714311212446,0.02,0.5324186231087695
0.024853940310386183,0.02,0.6800173494674939
0.024119241005759615,0.02,0.6685055375272368
0.03031952524314142,0.02,0.6668142521587472
0.03421824105196338,0.02,0.6571961538135678
0.023992904779149275,0.02,0.6582273579092004
0.02176056546079283,0.02,0.6269276903232428
0.01968383595033255,0.02,0.7149893285885033
0.020429029454983226,0.02,0.6856016913514703
0.021342939646335025,0.02,0.7035919646654925
0.018519330375367245,0.018000000000000002,0.6838790423334616
0.0188135578792756,0.018000000000000002,0.5986885332826477
0.019041011547737043,0.018000000000000002,0.6736085008700966
0.018345543315774142,0.018000000000000002,0.5981911173250594
0.018781116809953213,0.018000000000000002,0.6971751032824416
0.018267060483862452,0.018000000000000002,0.6349490946581925
