class_name,Denoising Autoencoder + Classifier,FT-Transformer,MLP / DNN,TabNet
BENIGN,0.955433905498162,0.9719148018175154,0.9611128033302874,0.9827966325736168
Botnet,0.0624251616508342,0.0724543685722227,0.0829708222811671,0.3197990791125994
Brute Force,0.7059996013553916,0.914501891551072,0.5674565560821485,0.9696808510638298
DDoS,0.9305007366449008,0.9608542260921784,0.9400132323752114,0.9629072304567
DoS,0.8981278758005409,0.970862324483183,0.9078820173060148,0.971315181352356
Heartbleed,0.8,0.8,0.3636363636363636,1.0
Infiltration,0.0555555555555555,0.0552995391705069,0.04,0.0754716981132075
PortScan,0.8407202858866664,0.8506919155134741,0.8419094566000883,0.8517612754550158
Web Attack,0.1822079314040728,0.3149962321024868,0.2732311705249429,0.308637513552584
