class_name,recall,f1,model
BENIGN,0.9256112016064983,0.9611128033302874,MLP / DNN
Botnet,1.0,0.0829708222811671,MLP / DNN
Brute Force,0.9814207650273225,0.5674565560821485,MLP / DNN
DDoS,0.99886732023591,0.9400132323752114,MLP / DNN
DoS,0.9937032258064517,0.9078820173060148,MLP / DNN
Heartbleed,1.0,0.3636363636363636,MLP / DNN
Infiltration,0.7142857142857143,0.04,MLP / DNN
PortScan,0.996696762827571,0.8419094566000883,MLP / DNN
Web Attack,0.9766899766899768,0.2732311705249429,MLP / DNN
BENIGN,0.9149171112600376,0.955433905498162,Denoising Autoencoder + Classifier
Botnet,1.0,0.0624251616508342,Denoising Autoencoder + Classifier
Brute Force,0.96775956284153,0.7059996013553916,Denoising Autoencoder + Classifier
DDoS,0.9990626098504082,0.9305007366449008,Denoising Autoencoder + Classifier
DoS,0.9898064516129031,0.8981278758005409,Denoising Autoencoder + Classifier
Heartbleed,1.0,0.8,Denoising Autoencoder + Classifier
Infiltration,0.8571428571428571,0.0555555555555555,Denoising Autoencoder + Classifier
PortScan,0.997302356309183,0.8407202858866664,Denoising Autoencoder + Classifier
Web Attack,0.9906759906759908,0.1822079314040728,Denoising Autoencoder + Classifier
BENIGN,0.9664032893152108,0.9827966325736168,TabNet
Botnet,0.9769820971867008,0.3197990791125994,TabNet
Brute Force,0.996174863387978,0.9696808510638298,TabNet
DDoS,0.9997265945397024,0.9629072304567,TabNet
DoS,0.9979354838709678,0.971315181352356,TabNet
Heartbleed,1.0,1.0,TabNet
Infiltration,0.5714285714285714,0.0754716981132075,TabNet
PortScan,0.9970821404976876,0.8517612754550158,TabNet
Web Attack,0.9953379953379954,0.308637513552584,TabNet
BENIGN,0.9455421813177772,0.9719148018175154,FT-Transformer
Botnet,1.0,0.0724543685722227,FT-Transformer
Brute Force,0.9907103825136612,0.914501891551072,FT-Transformer
DDoS,0.9999218841542008,0.9608542260921784,FT-Transformer
DoS,0.9974451612903226,0.970862324483183,FT-Transformer
Heartbleed,1.0,0.8,FT-Transformer
Infiltration,0.8571428571428571,0.0552995391705069,FT-Transformer
PortScan,0.996696762827571,0.8506919155134741,FT-Transformer
Web Attack,0.9743589743589745,0.3149962321024868,FT-Transformer
